Liégeois,Crème Caramel, ,Crème Caramel,Liégeois,Crème Caramel,Crème Caramel
Yaourt à la grecque,Kiwi, ,Yaourt à la grecque,Yaourt à la grecque,Yaourt à la grecque,Yaourt à la grecque
Crème Caramel,Banane, ,Crème Caramel,Crème Caramel,Crème Caramel,Crème Caramel
Tarte aux Fruits,Crème Caramel, ,Tarte aux Fruits,Crème Caramel,Tarte aux Fruits,Tarte aux Fruits
Quatre-Quart,Riz au lait, ,Riz au lait,Quatre-Quart,Quatre-Quart,Riz au lait
Sablé à la noix de coco,Crêpe au chocolat, ,Crêpe au chocolat,Crêpe au chocolat,Crêpe au chocolat,Crêpe au chocolat
Mille-Feuille,Riz au lait, ,Mille-Feuille,Mille-Feuille,Mille-Feuille,Mille-Feuille
Cake aux Fruits,Yaourt à la grecque, ,Cake aux Fruits,Cake aux Fruits,Cake aux Fruits,Cake aux Fruits
Sablé à la noix de coco,Cake aux Fruits, ,Cake aux Fruits,Cake aux Fruits,Cake aux Fruits,Sablé à la noix de coco
Mille-Feuille,Banane, ,Mille-Feuille,Banane,Mille-Feuille,Banane
Cake aux Fruits,Banane, ,Banane,Banane,Banane,Banane
Mille-Feuille,Riz au lait, ,Riz au lait,Mille-Feuille,Mille-Feuille,Mille-Feuille
Meringue,Liégeois, ,Liégeois,Liégeois,Liégeois,Liégeois
Yaourt à la grecque,Liégeois, ,Yaourt à la grecque,Liégeois,Yaourt à la grecque,Yaourt à la grecque
Quatre-Quart,Banane, ,Banane,Quatre-Quart,Quatre-Quart,Quatre-Quart
Sablé à la noix de coco,Quatre-Quart, ,Quatre-Quart,Sablé à la noix de coco,Sablé à la noix de coco,Sablé à la noix de coco
Meringue,Mille-Feuille, ,Mille-Feuille,Meringue,Meringue,Mille-Feuille
Fraise,Riz au lait, ,Fraise,Fraise,Fraise,Fraise
Cake aux Fruits,Quatre-Quart, ,Cake aux Fruits,Quatre-Quart,Quatre-Quart,Quatre-Quart
Banane,Yaourt à la grecque, ,Yaourt à la grecque,Yaourt à la grecque,Yaourt à la grecque,Banane
Sablé à la noix de coco,Crème Caramel, ,Sablé à la noix de coco,Crème Caramel,Crème Caramel,Crème Caramel
Tarte aux Fruits,Banane, ,Tarte aux Fruits,Banane,Tarte aux Fruits,Tarte aux Fruits
Sablé à la noix de coco,Mille-Feuille, ,Mille-Feuille,Mille-Feuille,Mille-Feuille,Mille-Feuille
Kiwi,Crème Caramel, ,Kiwi,Kiwi,Kiwi,Kiwi
Tarte aux Fruits,Yaourt à la grecque, ,Tarte aux Fruits,Yaourt à la grecque,Yaourt à la grecque,Tarte aux Fruits
Banane,Crème Caramel, ,Crème Caramel,Crème Caramel,Crème Caramel,Crème Caramel
Mille-Feuille,Liégeois, ,Liégeois,Mille-Feuille,Liégeois,Mille-Feuille
Meringue,Fraise, ,Fraise,Fraise,Fraise,Meringue
Quatre-Quart,Kiwi, ,Kiwi,Quatre-Quart,Kiwi,Kiwi
Mille-Feuille,Quatre-Quart, ,Quatre-Quart,Mille-Feuille,Quatre-Quart,Mille-Feuille
Tarte aux Fruits,Banane, ,Banane,Banane,Banane,Banane
Kiwi,Fraise, ,Kiwi,Kiwi,Kiwi,Fraise
Riz au lait,Fraise, ,Riz au lait,Fraise,Fraise,Riz au lait
Quatre-Quart,Yaourt à la grecque, ,Yaourt à la grecque,Yaourt à la grecque,Yaourt à la grecque,Yaourt à la grecque
Riz au lait,Liégeois, ,Liégeois,Liégeois,Riz au lait,Liégeois
Meringue,Fraise, ,Fraise,Fraise,Fraise,Fraise
Cake aux Fruits,Liégeois, ,Cake aux Fruits,Cake aux Fruits,Cake aux Fruits,Cake aux Fruits
Quatre-Quart,Yaourt à la grecque, ,Yaourt à la grecque,Quatre-Quart,Quatre-Quart,Quatre-Quart
Tarte aux Fruits,Yaourt à la grecque, ,Tarte aux Fruits,Tarte aux Fruits,Tarte aux Fruits,Tarte aux Fruits
Crêpe au chocolat,Quatre-Quart, ,Quatre-Quart,Crêpe au chocolat,Quatre-Quart,Crêpe au chocolat
Sablé à la noix de coco,Banane, ,Banane,Banane,Banane,Banane
Crêpe au chocolat,Kiwi, ,Kiwi,Kiwi,Kiwi,Kiwi
Meringue,Crêpe au chocolat, ,Crêpe au chocolat,Crêpe au chocolat,Crêpe au chocolat,Meringue
Fraise,Banane, ,Banane,Fraise,Banane,Fraise
Quatre-Quart,Yaourt à la grecque, ,Quatre-Quart,Quatre-Quart,Quatre-Quart,Quatre-Quart
Crêpe au chocolat,Mille-Feuille, ,Crêpe au chocolat,Mille-Feuille,Crêpe au chocolat,Mille-Feuille
Tarte aux Fruits,Meringue, ,Meringue,Meringue,Meringue,Meringue
Cake aux Fruits,Crème Caramel, ,Cake aux Fruits,Cake aux Fruits,Cake aux Fruits,Cake aux Fruits
Crème Caramel,Yaourt à la grecque, ,Crème Caramel,Yaourt à la grecque,Crème Caramel,Yaourt à la grecque
Cake aux Fruits,Tarte aux Fruits, ,Tarte aux Fruits,Tarte aux Fruits,Cake aux Fruits,Cake aux Fruits
Liégeois,Yaourt à la grecque, ,Yaourt à la grecque,Liégeois,Liégeois,Yaourt à la grecque
Meringue,Crème Caramel, ,Crème Caramel,Meringue,Meringue,Meringue
Fraise,Crème Caramel, ,Fraise,Fraise,Fraise,Crème Caramel
Mille-Feuille,Tarte aux Fruits, ,Tarte aux Fruits,Tarte aux Fruits,Tarte aux Fruits,Tarte aux Fruits
Sablé à la noix de coco,Yaourt à la grecque, ,Sablé à la noix de coco,Yaourt à la grecque,Yaourt à la grecque,Yaourt à la grecque
Cake aux Fruits,Meringue, ,Cake aux Fruits,Meringue,Cake aux Fruits,Meringue
Crêpe au chocolat,Kiwi, ,Kiwi,Kiwi,Kiwi,Crêpe au chocolat
Quatre-Quart,Sablé à la noix de coco, ,Sablé à la noix de coco,Quatre-Quart,Quatre-Quart,Sablé à la noix de coco
Cake aux Fruits,Banane, ,Banane,Banane,Banane,Banane
Meringue,Yaourt à la grecque, ,Yaourt à la grecque,Yaourt à la grecque,Yaourt à la grecque,Yaourt à la grecque
Cake aux Fruits,Banane, ,Cake aux Fruits,Cake aux Fruits,Cake aux Fruits,Cake aux Fruits
Cake aux Fruits,Crêpe au chocolat, ,Cake aux Fruits,Cake aux Fruits,Cake aux Fruits,Cake aux Fruits
Cake aux Fruits,Mille-Feuille, ,Mille-Feuille,Cake aux Fruits,Cake aux Fruits,Cake aux Fruits
Tarte aux Fruits,Kiwi, ,Tarte aux Fruits,Kiwi,Tarte aux Fruits,Kiwi
Crêpe au chocolat,Cake aux Fruits, ,Crêpe au chocolat,Cake aux Fruits,Cake aux Fruits,Cake aux Fruits
Crêpe au chocolat,Meringue, ,Crêpe au chocolat,Crêpe au chocolat,Crêpe au chocolat,Crêpe au chocolat
Crêpe au chocolat,Sablé à la noix de coco, ,Sablé à la noix de coco,Sablé à la noix de coco,Sablé à la noix de coco,Sablé à la noix de coco
Yaourt à la grecque,Crème Caramel, ,Yaourt à la grecque,Crème Caramel,Crème Caramel,Yaourt à la grecque
Crêpe au chocolat,Liégeois, ,Crêpe au chocolat,Crêpe au chocolat,Crêpe au chocolat,Crêpe au chocolat
Yaourt à la grecque,Banane, ,Yaourt à la grecque,Yaourt à la grecque,Banane,Banane
Meringue,Liégeois, ,Meringue,Meringue,Liégeois,Meringue
Fraise,Kiwi, ,Fraise,Kiwi,Kiwi,Fraise
Sablé à la noix de coco,Fraise, ,Sablé à la noix de coco,Sablé à la noix de coco,Sablé à la noix de coco,Sablé à la noix de coco
Crêpe au chocolat,Kiwi, ,Kiwi,Crêpe au chocolat,Crêpe au chocolat,Kiwi
Kiwi,Banane, ,Banane,Kiwi,Kiwi,Kiwi
Quatre-Quart,Cake aux Fruits, ,Cake aux Fruits,Quatre-Quart,Quatre-Quart,Quatre-Quart
Mille-Feuille,Banane, ,Banane,Mille-Feuille,Mille-Feuille,Banane
Yaourt à la grecque,Riz au lait, ,Riz au lait,Riz au lait,Riz au lait,Riz au lait
Mille-Feuille,Yaourt à la grecque, ,Yaourt à la grecque,Yaourt à la grecque,Mille-Feuille,Mille-Feuille
Quatre-Quart,Riz au lait, ,Riz au lait,Quatre-Quart,Riz au lait,Riz au lait
Sablé à la noix de coco,Banane, ,Sablé à la noix de coco,Banane,Banane,Banane
Liégeois,Fraise, ,Liégeois,Liégeois,Liégeois,Liégeois
